site_id,site_idx,distance_m,Date,elevation,elevation_change
Site_0,0,0,2013-01-18,108.66414642333984,0.0
Site_0,0,0,2013-09-28,105.7715835571289,-2.8925628662109375
Site_0,0,0,2015-09-03,103.95762634277344,-4.706520080566406
Site_0,0,0,2016-09-06,98.10355377197266,-10.560592651367188
Site_0,0,0,2016-12-31,94.0289535522461,-14.63519287109375
Site_0,0,0,2017-10-07,90.38823699951172,-18.275909423828125
Site_0,0,0,2018-09-15,91.15531921386719,-17.508827209472656
Site_0,0,0,2018-10-14,90.04576110839844,-18.618385314941406
Site_0,0,0,2019-09-19,92.48957824707031,-16.17456817626953
Site_0,0,0,2020-02-09,91.90747833251953,-16.756668090820312
Site_0,0,0,2020-09-07,92.9645767211914,-15.699569702148438
Site_0,0,0,2021-01-23,88.837890625,-19.826255798339844
Site_0,0,0,2022-01-08,88.5843276977539,-20.079818725585938
Site_0,0,0,2022-02-21,89.62849426269531,-19.03565216064453
Site_0,0,0,2022-03-06,87.9594955444336,-20.70465087890625
Site_0,0,0,2023-03-06,85.3040771484375,-23.360069274902344
Site_0,0,0,2023-04-12,85.56560516357422,-23.098541259765625
Site_1,1,250,2013-01-18,114.27889251708984,0.0
Site_1,1,250,2013-09-28,115.25727081298828,0.9783782958984375
Site_1,1,250,2015-09-03,108.77342987060547,-5.505462646484375
Site_1,1,250,2016-09-06,105.23551177978516,-9.043380737304688
Site_1,1,250,2016-12-31,104.5736083984375,-9.705284118652344
Site_1,1,250,2017-10-07,100.94329833984375,-13.335594177246094
Site_1,1,250,2018-09-15,99.67523956298828,-14.603652954101562
Site_1,1,250,2018-10-14,98.73077392578125,-15.548118591308594
Site_1,1,250,2019-09-19,98.84598541259766,-15.432907104492188
Site_1,1,250,2020-02-09,96.97626495361328,-17.302627563476562
Site_1,1,250,2021-01-23,96.77644348144531,-17.50244903564453
Site_1,1,250,2022-01-08,94.10891723632812,-20.16997528076172
Site_1,1,250,2022-02-21,94.72352600097656,-19.55536651611328
Site_1,1,250,2022-03-06,93.73545837402344,-20.543434143066406
Site_1,1,250,2023-03-06,89.58951568603516,-24.689376831054688
Site_1,1,250,2023-04-12,90.20153045654297,-24.077362060546875
Site_1,1,250,2023-04-22,89.6529769897461,-24.62591552734375
Site_10,10,2500,2013-01-18,85.93595123291016,0.0
Site_10,10,2500,2013-09-28,83.46501922607422,-2.4709320068359375
Site_10,10,2500,2016-09-06,75.88165283203125,-10.054298400878906
Site_10,10,2500,2016-10-06,76.53475189208984,-9.401199340820312
Site_10,10,2500,2016-12-31,74.32970428466797,-11.606246948242188
Site_10,10,2500,2017-10-07,71.34648132324219,-14.589469909667969
Site_10,10,2500,2018-09-15,81.95497131347656,-3.9809799194335938
Site_10,10,2500,2018-10-14,79.42878723144531,-6.507164001464844
Site_10,10,2500,2018-10-21,78.87911987304688,-7.056831359863281
Site_10,10,2500,2019-09-19,73.17546081542969,-12.760490417480469
Site_10,10,2500,2020-02-09,71.29802703857422,-14.637924194335938
Site_10,10,2500,2020-09-07,70.88215637207031,-15.053794860839844
Site_10,10,2500,2021-01-23,67.20470428466797,-18.731246948242188
Site_10,10,2500,2022-01-08,62.71133041381836,-23.224620819091797
Site_10,10,2500,2022-02-21,63.102603912353516,-22.83334732055664
Site_10,10,2500,2022-03-06,63.72669982910156,-22.209251403808594
Site_10,10,2500,2023-03-06,59.58246994018555,-26.35348129272461
Site_10,10,2500,2023-04-12,60.22077178955078,-25.715179443359375
Site_10,10,2500,2023-04-22,58.8944091796875,-27.041542053222656
Site_11,11,2750,2013-01-18,85.61737823486328,0.0
Site_11,11,2750,2013-09-28,84.61602020263672,-1.0013580322265625
Site_11,11,2750,2016-09-06,76.31147003173828,-9.305908203125
Site_11,11,2750,2016-10-06,77.18260192871094,-8.434776306152344
Site_11,11,2750,2016-12-31,74.43315124511719,-11.184226989746094
Site_11,11,2750,2017-10-07,71.98831939697266,-13.629058837890625
Site_11,11,2750,2018-09-15,88.42628479003906,2.8089065551757812
Site_11,11,2750,2018-10-14,86.01255798339844,0.39517974853515625
Site_11,11,2750,2018-10-21,84.06484985351562,-1.5525283813476562
Site_11,11,2750,2019-09-19,70.74486541748047,-14.872512817382812
Site_11,11,2750,2020-02-09,70.53482055664062,-15.082557678222656
Site_11,11,2750,2020-09-07,69.68180847167969,-15.935569763183594
Site_11,11,2750,2021-01-23,64.34149932861328,-21.27587890625
Site_11,11,2750,2022-01-08,61.34121322631836,-24.276165008544922
Site_11,11,2750,2022-02-21,62.59697341918945,-23.020404815673828
Site_11,11,2750,2022-03-06,62.03267288208008,-23.584705352783203
Site_11,11,2750,2023-03-06,57.84942626953125,-27.76795196533203
Site_11,11,2750,2023-04-12,58.194149017333984,-27.423229217529297
Site_11,11,2750,2023-04-22,57.499847412109375,-28.117530822753906
Site_12,12,3000,2013-01-18,89.60118865966797,0.0
Site_12,12,3000,2013-09-28,87.6983642578125,-1.9028244018554688
Site_12,12,3000,2016-09-06,79.73344421386719,-9.867744445800781
Site_12,12,3000,2016-10-06,80.40360260009766,-9.197586059570312
Site_12,12,3000,2016-12-31,78.19322967529297,-11.407958984375
Site_12,12,3000,2017-10-07,76.47838592529297,-13.122802734375
Site_12,12,3000,2018-09-15,81.65994262695312,-7.941246032714844
Site_12,12,3000,2018-10-14,85.42939758300781,-4.171791076660156
Site_12,12,3000,2018-10-21,84.18598937988281,-5.415199279785156
Site_12,12,3000,2019-09-19,69.10759735107422,-20.49359130859375
Site_12,12,3000,2020-02-09,72.86500549316406,-16.736183166503906
Site_12,12,3000,2020-09-07,65.69925689697266,-23.901931762695312
Site_12,12,3000,2021-01-23,62.44208526611328,-27.159103393554688
Site_12,12,3000,2022-01-08,62.31743240356445,-27.283756256103516
Site_12,12,3000,2022-02-21,61.0896110534668,-28.511577606201172
Site_12,12,3000,2022-03-06,64.80010986328125,-24.80107879638672
Site_12,12,3000,2023-03-06,60.032081604003906,-29.569107055664062
Site_12,12,3000,2023-04-12,59.220298767089844,-30.380889892578125
Site_12,12,3000,2023-04-22,60.57785415649414,-29.023334503173828
Site_13,13,3250,2013-01-18,92.44114685058594,0.0
Site_13,13,3250,2013-09-28,91.62884521484375,-0.8123016357421875
Site_13,13,3250,2016-09-06,83.41875457763672,-9.022392272949219
Site_13,13,3250,2016-10-06,84.35576629638672,-8.085380554199219
Site_13,13,3250,2016-12-31,82.18964385986328,-10.251502990722656
Site_13,13,3250,2017-10-07,79.86009979248047,-12.581047058105469
Site_13,13,3250,2018-09-15,90.46430206298828,-1.9768447875976562
Site_13,13,3250,2018-10-14,83.99053192138672,-8.450614929199219
Site_13,13,3250,2018-10-21,85.28665161132812,-7.1544952392578125
Site_13,13,3250,2019-09-19,74.0958480834961,-18.345298767089844
Site_13,13,3250,2020-02-09,72.18062591552734,-20.260520935058594
Site_13,13,3250,2020-09-07,61.52199172973633,-30.91915512084961
Site_13,13,3250,2021-01-23,60.733612060546875,-31.707534790039062
Site_13,13,3250,2022-01-08,49.09437561035156,-43.346771240234375
Site_13,13,3250,2022-02-21,48.638587951660156,-43.80255889892578
Site_13,13,3250,2022-03-06,51.6278190612793,-40.81332778930664
Site_13,13,3250,2023-03-06,53.0936164855957,-39.347530364990234
Site_13,13,3250,2023-04-12,53.86158752441406,-38.579559326171875
Site_13,13,3250,2023-04-22,53.55908966064453,-38.882057189941406
Site_14,14,3500,2013-01-18,92.986083984375,0.0
Site_14,14,3500,2013-09-28,90.29148864746094,-2.6945953369140625
Site_14,14,3500,2016-09-06,84.1336898803711,-8.852394104003906
Site_14,14,3500,2016-10-06,84.77385711669922,-8.212226867675781
Site_14,14,3500,2016-12-31,82.44280242919922,-10.543281555175781
Site_14,14,3500,2017-10-07,80.92142486572266,-12.064659118652344
Site_14,14,3500,2018-09-15,82.05753326416016,-10.928550720214844
Site_14,14,3500,2018-10-14,79.98540496826172,-13.000679016113281
Site_14,14,3500,2018-10-21,78.40789031982422,-14.578193664550781
Site_14,14,3500,2019-09-19,65.50926208496094,-27.476821899414062
Site_14,14,3500,2020-02-09,62.48324966430664,-30.50283432006836
Site_14,14,3500,2020-09-07,64.49177551269531,-28.494308471679688
Site_14,14,3500,2021-01-23,58.72495651245117,-34.26112747192383
Site_14,14,3500,2022-01-08,58.07870101928711,-34.90738296508789
Site_14,14,3500,2022-02-21,59.77811813354492,-33.20796585083008
Site_14,14,3500,2022-03-06,52.07274627685547,-40.91333770751953
Site_14,14,3500,2023-03-06,43.28695297241211,-49.69913101196289
Site_14,14,3500,2023-04-12,44.29512023925781,-48.69096374511719
Site_14,14,3500,2023-04-22,44.06098937988281,-48.92509460449219
Site_15,15,3750,2013-01-18,87.62429809570312,0.0
Site_15,15,3750,2013-09-28,85.86051177978516,-1.7637863159179688
Site_15,15,3750,2016-09-06,79.5718002319336,-8.052497863769531
Site_15,15,3750,2016-10-06,80.73550415039062,-6.8887939453125
Site_15,15,3750,2016-12-31,78.79597473144531,-8.828323364257812
Site_15,15,3750,2017-10-07,77.0984878540039,-10.525810241699219
Site_15,15,3750,2018-09-15,80.72055053710938,-6.90374755859375
Site_15,15,3750,2018-10-14,82.36817169189453,-5.256126403808594
Site_15,15,3750,2018-10-21,79.83039855957031,-7.7938995361328125
Site_15,15,3750,2019-09-19,63.659576416015625,-23.9647216796875
Site_15,15,3750,2020-02-09,58.7672119140625,-28.857086181640625
Site_15,15,3750,2020-09-07,53.25570297241211,-34.368595123291016
Site_15,15,3750,2021-01-23,50.254390716552734,-37.36990737915039
Site_15,15,3750,2022-01-08,49.36404037475586,-38.260257720947266
Site_15,15,3750,2022-02-21,47.94524383544922,-39.679054260253906
Site_15,15,3750,2022-03-06,50.65707015991211,-36.967227935791016
Site_15,15,3750,2023-03-06,48.945289611816406,-38.67900848388672
Site_15,15,3750,2023-04-12,48.49042510986328,-39.133872985839844
Site_15,15,3750,2023-04-22,48.18305969238281,-39.44123840332031
Site_16,16,4000,2013-01-18,81.75198364257812,0.0
Site_16,16,4000,2013-09-28,80.30242156982422,-1.4495620727539062
Site_16,16,4000,2015-09-03,78.05773162841797,-3.6942520141601562
Site_16,16,4000,2016-09-06,74.99179077148438,-6.76019287109375
Site_16,16,4000,2016-10-06,75.84003448486328,-5.911949157714844
Site_16,16,4000,2016-12-31,73.15924072265625,-8.592742919921875
Site_16,16,4000,2017-10-07,71.80412292480469,-9.947860717773438
Site_16,16,4000,2018-09-15,81.65341186523438,-0.09857177734375
Site_16,16,4000,2018-10-14,82.25865936279297,0.5066757202148438
Site_16,16,4000,2018-10-21,77.26970672607422,-4.482276916503906
Site_16,16,4000,2019-09-19,67.89769744873047,-13.854286193847656
Site_16,16,4000,2020-02-09,61.633567810058594,-20.11841583251953
Site_16,16,4000,2020-09-07,52.28681564331055,-29.465167999267578
Site_16,16,4000,2021-01-23,47.14809799194336,-34.603885650634766
Site_16,16,4000,2022-01-08,42.007652282714844,-39.74433135986328
Site_16,16,4000,2022-02-21,39.43435287475586,-42.317630767822266
Site_16,16,4000,2022-03-06,42.486324310302734,-39.26565933227539
Site_16,16,4000,2023-03-06,35.782920837402344,-45.96906280517578
Site_16,16,4000,2023-04-12,36.95628356933594,-44.79570007324219
Site_16,16,4000,2023-04-22,36.662322998046875,-45.08966064453125
Site_17,17,4250,2013-01-18,79.77780151367188,0.0
Site_17,17,4250,2013-09-28,76.97838592529297,-2.7994155883789062
Site_17,17,4250,2015-09-03,74.44338989257812,-5.33441162109375
Site_17,17,4250,2016-09-06,71.79863739013672,-7.979164123535156
Site_17,17,4250,2016-10-06,72.9292221069336,-6.848579406738281
Site_17,17,4250,2016-12-31,71.253173828125,-8.524627685546875
Site_17,17,4250,2017-10-07,70.97688293457031,-8.800918579101562
Site_17,17,4250,2018-09-15,82.54168701171875,2.763885498046875
Site_17,17,4250,2018-10-14,82.08091735839844,2.3031158447265625
Site_17,17,4250,2018-10-21,82.48831939697266,2.7105178833007812
Site_17,17,4250,2019-09-19,71.78761291503906,-7.9901885986328125
Site_17,17,4250,2020-02-09,65.01022338867188,-14.767578125
Site_17,17,4250,2020-09-07,62.531185150146484,-17.24661636352539
Site_17,17,4250,2021-01-23,57.7074089050293,-22.070392608642578
Site_17,17,4250,2022-01-08,45.931297302246094,-33.84650421142578
Site_17,17,4250,2022-03-06,46.711997985839844,-33.06580352783203
Site_17,17,4250,2023-03-06,41.754905700683594,-38.02289581298828
Site_17,17,4250,2023-04-12,41.4113883972168,-38.36641311645508
Site_17,17,4250,2023-04-22,39.768943786621094,-40.00885772705078
Site_2,2,500,2013-01-18,111.88987731933594,0.0
Site_2,2,500,2013-09-28,109.92176818847656,-1.968109130859375
Site_2,2,500,2015-09-03,103.00502014160156,-8.884857177734375
Site_2,2,500,2016-09-06,101.24625396728516,-10.643623352050781
Site_2,2,500,2016-12-31,98.9275131225586,-12.962364196777344
Site_2,2,500,2017-10-07,95.28045654296875,-16.609420776367188
Site_2,2,500,2018-09-15,99.09481811523438,-12.795059204101562
Site_2,2,500,2018-10-14,107.29478454589844,-4.5950927734375
Site_2,2,500,2019-09-19,97.50314331054688,-14.386734008789062
Site_2,2,500,2020-02-09,96.26356506347656,-15.626312255859375
Site_2,2,500,2020-09-07,97.5328140258789,-14.357063293457031
Site_2,2,500,2021-01-23,89.89900207519531,-21.990875244140625
Site_2,2,500,2022-01-08,89.0450210571289,-22.84485626220703
Site_2,2,500,2022-02-21,89.3947525024414,-22.49512481689453
Site_2,2,500,2022-03-06,89.53594207763672,-22.35393524169922
Site_2,2,500,2023-03-06,87.48409271240234,-24.405784606933594
Site_2,2,500,2023-04-12,87.45831298828125,-24.431564331054688
Site_3,3,750,2013-01-18,100.05339050292969,0.0
Site_3,3,750,2013-09-28,102.08663940429688,2.0332489013671875
Site_3,3,750,2015-09-03,93.73023223876953,-6.323158264160156
Site_3,3,750,2016-09-06,89.56604766845703,-10.487342834472656
Site_3,3,750,2016-12-31,87.69365692138672,-12.359733581542969
Site_3,3,750,2017-10-07,85.53233337402344,-14.52105712890625
Site_3,3,750,2018-09-15,94.1654052734375,-5.8879852294921875
Site_3,3,750,2018-10-14,91.20892333984375,-8.844467163085938
Site_3,3,750,2019-09-19,83.28981018066406,-16.763580322265625
Site_3,3,750,2020-02-09,81.71370697021484,-18.339683532714844
Site_3,3,750,2021-01-23,81.73540496826172,-18.31798553466797
Site_3,3,750,2022-01-08,77.98934173583984,-22.064048767089844
Site_3,3,750,2022-02-21,77.11376190185547,-22.93962860107422
Site_3,3,750,2022-03-06,77.43404388427734,-22.619346618652344
Site_3,3,750,2023-03-06,72.01085662841797,-28.04253387451172
Site_3,3,750,2023-04-12,74.53135681152344,-25.52203369140625
Site_3,3,750,2023-04-22,74.58922576904297,-25.46416473388672
Site_4,4,1000,2013-01-18,92.25016021728516,0.0
Site_4,4,1000,2013-09-28,89.39117431640625,-2.8589859008789062
Site_4,4,1000,2015-09-03,84.0518798828125,-8.198280334472656
Site_4,4,1000,2016-09-06,79.90608215332031,-12.344078063964844
Site_4,4,1000,2016-12-31,78.40424346923828,-13.845916748046875
Site_4,4,1000,2017-10-07,73.0091323852539,-19.24102783203125
Site_4,4,1000,2018-09-15,88.24810028076172,-4.0020599365234375
Site_4,4,1000,2018-10-14,86.66874694824219,-5.581413269042969
Site_4,4,1000,2019-09-19,81.46885681152344,-10.781303405761719
Site_4,4,1000,2020-02-09,79.95256805419922,-12.297592163085938
Site_4,4,1000,2021-01-23,71.32858276367188,-20.92157745361328
Site_4,4,1000,2022-01-08,66.27742767333984,-25.972732543945312
Site_4,4,1000,2022-02-21,66.29130554199219,-25.95885467529297
Site_4,4,1000,2022-03-06,66.26014709472656,-25.990013122558594
Site_4,4,1000,2023-03-06,63.39750289916992,-28.852657318115234
Site_4,4,1000,2023-04-12,63.421688079833984,-28.828472137451172
Site_5,5,1250,2013-01-18,87.08032989501953,0.0
Site_5,5,1250,2013-09-28,85.21671295166016,-1.863616943359375
Site_5,5,1250,2015-09-03,81.1623306274414,-5.917999267578125
Site_5,5,1250,2016-09-06,76.68041229248047,-10.399917602539062
Site_5,5,1250,2016-10-06,77.68607330322266,-9.394256591796875
Site_5,5,1250,2016-12-31,72.9969482421875,-14.083381652832031
Site_5,5,1250,2017-10-07,70.5052261352539,-16.575103759765625
Site_5,5,1250,2018-09-15,84.0367202758789,-3.043609619140625
Site_5,5,1250,2018-10-14,83.62714385986328,-3.45318603515625
Site_5,5,1250,2019-09-19,75.86973571777344,-11.210594177246094
Site_5,5,1250,2020-02-09,73.24750518798828,-13.83282470703125
Site_5,5,1250,2020-09-07,72.9641342163086,-14.116195678710938
Site_5,5,1250,2021-01-23,66.88646697998047,-20.193862915039062
Site_5,5,1250,2022-01-08,64.24507904052734,-22.835250854492188
Site_5,5,1250,2022-02-21,64.348388671875,-22.73194122314453
Site_5,5,1250,2022-03-06,63.460880279541016,-23.619449615478516
Site_5,5,1250,2023-03-06,59.009700775146484,-28.070629119873047
Site_5,5,1250,2023-04-12,58.97624206542969,-28.104087829589844
Site_5,5,1250,2023-04-22,57.43102264404297,-29.649307250976562
Site_6,6,1500,2013-01-18,88.28236389160156,0.0
Site_6,6,1500,2013-09-28,85.79755401611328,-2.4848098754882812
Site_6,6,1500,2016-09-06,78.39393615722656,-9.888427734375
Site_6,6,1500,2016-10-06,79.47257232666016,-8.809791564941406
Site_6,6,1500,2016-12-31,76.76510620117188,-11.517257690429688
Site_6,6,1500,2017-10-07,72.30069732666016,-15.981666564941406
Site_6,6,1500,2018-09-15,82.39889526367188,-5.8834686279296875
Site_6,6,1500,2018-10-14,82.36274719238281,-5.91961669921875
Site_6,6,1500,2018-10-21,80.74751281738281,-7.53485107421875
Site_6,6,1500,2019-09-19,75.84623718261719,-12.436126708984375
Site_6,6,1500,2020-02-09,75.64966583251953,-12.632698059082031
Site_6,6,1500,2020-09-07,72.78086853027344,-15.501495361328125
Site_6,6,1500,2021-01-23,68.90434265136719,-19.378021240234375
Site_6,6,1500,2022-01-08,60.49870681762695,-27.78365707397461
Site_6,6,1500,2022-02-21,60.36154556274414,-27.920818328857422
Site_6,6,1500,2022-03-06,62.64250183105469,-25.639862060546875
Site_6,6,1500,2023-03-06,57.51518630981445,-30.76717758178711
Site_6,6,1500,2023-04-12,57.43243408203125,-30.849929809570312
Site_6,6,1500,2023-04-22,55.44243621826172,-32.839927673339844
Site_7,7,1750,2013-01-18,90.92900085449219,0.0
Site_7,7,1750,2013-09-28,89.05107116699219,-1.8779296875
Site_7,7,1750,2016-09-06,81.34252166748047,-9.586479187011719
Site_7,7,1750,2016-10-06,82.1379623413086,-8.791038513183594
Site_7,7,1750,2016-12-31,79.36368560791016,-11.565315246582031
Site_7,7,1750,2017-10-07,77.062744140625,-13.866256713867188
Site_7,7,1750,2018-09-15,85.80133056640625,-5.1276702880859375
Site_7,7,1750,2018-10-14,84.28740692138672,-6.641593933105469
Site_7,7,1750,2018-10-21,84.61849975585938,-6.3105010986328125
Site_7,7,1750,2019-09-19,80.0826187133789,-10.846382141113281
Site_7,7,1750,2020-02-09,77.00818634033203,-13.920814514160156
Site_7,7,1750,2020-09-07,75.12823486328125,-15.800765991210938
Site_7,7,1750,2021-01-23,73.52899169921875,-17.400009155273438
Site_7,7,1750,2022-01-08,68.41814422607422,-22.51085662841797
Site_7,7,1750,2022-02-21,68.1741943359375,-22.754806518554688
Site_7,7,1750,2022-03-06,69.2806167602539,-21.64838409423828
Site_7,7,1750,2023-03-06,64.47673034667969,-26.4522705078125
Site_7,7,1750,2023-04-12,64.85224914550781,-26.076751708984375
Site_7,7,1750,2023-04-22,62.71144104003906,-28.217559814453125
Site_8,8,2000,2013-01-18,91.57931518554688,0.0
Site_8,8,2000,2013-09-28,90.46788787841797,-1.1114273071289062
Site_8,8,2000,2016-09-06,81.69562530517578,-9.883689880371094
Site_8,8,2000,2016-10-06,82.98665618896484,-8.592658996582031
Site_8,8,2000,2016-12-31,80.47240447998047,-11.106910705566406
Site_8,8,2000,2017-10-07,77.5713119506836,-14.008003234863281
Site_8,8,2000,2018-09-15,87.64753723144531,-3.9317779541015625
Site_8,8,2000,2018-10-14,86.19218444824219,-5.3871307373046875
Site_8,8,2000,2018-10-21,83.36620330810547,-8.213111877441406
Site_8,8,2000,2019-09-19,79.76624298095703,-11.813072204589844
Site_8,8,2000,2020-02-09,77.5652084350586,-14.014106750488281
Site_8,8,2000,2020-09-07,76.63636016845703,-14.942955017089844
Site_8,8,2000,2021-01-23,73.70024108886719,-17.879074096679688
Site_8,8,2000,2022-01-08,68.9425277709961,-22.63678741455078
Site_8,8,2000,2022-02-21,69.14063262939453,-22.438682556152344
Site_8,8,2000,2022-03-06,68.96947479248047,-22.609840393066406
Site_8,8,2000,2023-03-06,66.76448059082031,-24.814834594726562
Site_8,8,2000,2023-04-12,67.17256164550781,-24.406753540039062
Site_8,8,2000,2023-04-22,65.80079650878906,-25.778518676757812
Site_9,9,2250,2013-01-18,89.05082702636719,0.0
Site_9,9,2250,2013-09-28,85.84840393066406,-3.202423095703125
Site_9,9,2250,2016-09-06,78.9070053100586,-10.143821716308594
Site_9,9,2250,2016-10-06,79.97460174560547,-9.076225280761719
Site_9,9,2250,2016-12-31,76.80537414550781,-12.245452880859375
Site_9,9,2250,2017-10-07,74.36630249023438,-14.684524536132812
Site_9,9,2250,2018-09-15,86.87765502929688,-2.1731719970703125
Site_9,9,2250,2018-10-14,85.0672378540039,-3.9835891723632812
Site_9,9,2250,2018-10-21,84.459716796875,-4.5911102294921875
Site_9,9,2250,2019-09-19,75.90950775146484,-13.141319274902344
Site_9,9,2250,2020-02-09,75.90625762939453,-13.144569396972656
Site_9,9,2250,2020-09-07,74.16397094726562,-14.886856079101562
Site_9,9,2250,2021-01-23,69.44929504394531,-19.601531982421875
Site_9,9,2250,2022-01-08,68.227783203125,-20.823043823242188
Site_9,9,2250,2022-02-21,68.26648712158203,-20.784339904785156
Site_9,9,2250,2022-03-06,70.10836029052734,-18.942466735839844
Site_9,9,2250,2023-03-06,65.47018432617188,-23.580642700195312
Site_9,9,2250,2023-04-12,66.20272064208984,-22.848106384277344
Site_9,9,2250,2023-04-22,64.7977294921875,-24.253097534179688
