site_id,distance_m,peak_date,peak_speed
Site_4,1000,2018-04-20 00:00:00,175.54
Site_5,1250,2018-04-19 00:00:00,187.9
Site_6,1500,2018-04-19 00:00:00,205.66
Site_7,1750,2018-04-19 00:00:00,231.84
Site_8,2000,2018-04-20 00:00:00,246.15
Site_9,2250,2018-04-23 18:23:37,376.0
Site_10,2500,2018-04-18 10:42:08,491.26
Site_11,2750,2018-04-23 00:00:00,544.25
Site_12,3000,2018-04-26 00:00:00,629.2
Site_13,3250,2018-04-26 00:00:00,699.35
Site_14,3500,2018-04-26 00:00:00,874.45
Site_15,3750,2018-04-26 16:24:58,932.9
Site_16,4000,2018-04-26 16:24:58,981.46
Site_17,4250,2018-04-28 00:00:00,1035.94
