Year,Month,Day,Serial Date (num days from 0th Jan 0000),Terminus Position on flowline,Terminus position relative to most recent observation (m),Terminus change (m),Rate of Terminus Change (m/yr),Terminus Width (m),Terminus path length (m),Mean distance between nodes (m)
2000,2,21,7.31E+05,6220.7,2087.3,NaN,0,3100.7,3836.7,274.05
2001,1,8,7.31E+05,6289.9,2156.6,69.258,78.507,3487.9,4298.9,268.68
2001,11,22,7.31E+05,6338.5,2205.1,48.541,55.716,4123.8,4924,289.65
2001,11,24,7.31E+05,6452.7,2319.3,114.23,20847,4068.5,4966.3,310.4
2004,2,2,7.32E+05,6009.6,1876.2,-443.09,-202.16,3316.6,4233.6,222.82
2004,2,25,7.32E+05,6096.1,1962.7,86.453,1372,3152.2,5466.8,390.48
2005,10,18,7.33E+05,5804.9,1671.5,-291.2,-176.85,3244,4988.9,311.8
2006,2,21,7.33E+05,5637.1,1503.7,-167.78,-486.02,3908.5,4935.2,259.75
2006,2,23,7.33E+05,5687.6,1554.3,50.554,9226.1,3572.3,4556.7,227.84
2007,1,23,7.33E+05,5661.4,1528,-26.244,-28.68,3412.7,4506.7,214.61
2009,3,1,7.34E+05,5126,992.6,-535.42,-254.46,3771.9,5343.7,281.25
2011,2,19,7.35E+05,5001.7,868.31,-124.29,-63.006,3387.9,5279.9,310.58
2013,3,5,7.35E+05,4652.5,519.13,-349.19,-171.08,3342.1,5541.4,325.96
2013,3,12,7.35E+05,4776,642.63,123.5,6439.5,3408,4940.4,247.02
2013,12,10,7.36E+05,4856.5,723.14,80.51,107.64,3309.5,4846,230.76
2014,1,11,7.36E+05,4910.5,777.12,53.981,615.72,3272.2,5303.1,294.62
2014,4,1,7.36E+05,5083.6,950.25,173.13,789.92,3308.1,5704,356.5
2014,8,30,7.36E+05,5152.6,1019.2,68.996,166.78,3311.7,4876.6,256.66
2014,9,8,7.36E+05,5173.6,1040.2,20.936,849.08,3377.8,4708.5,235.42
2014,10,20,7.36E+05,5151.4,1018,-22.175,-192.71,3453.7,5229.1,307.59
2014,11,1,7.36E+05,5132.6,999.26,-18.746,-570.18,3582,4932.6,246.63
2014,11,25,7.36E+05,5073.8,940.43,-58.829,-894.69,3670.9,5124.7,269.72
2014,12,4,7.36E+05,5119.6,986.26,45.831,1858.7,3527.2,5958.4,397.23
2014,12,19,7.36E+05,5125.2,991.86,5.5959,136.17,3524.5,5949.7,396.65
2014,12,31,7.36E+05,5077.3,943.94,-47.923,-1457.7,3508,6078.7,434.19
2015,2,5,7.36E+05,5121.3,987.96,44.027,446.39,3479,5220.3,307.07
2015,2,17,7.36E+05,5077.3,943.94,-44.027,-1339.2,3491.8,5438,339.87
2015,3,13,7.36E+05,5111.2,977.86,33.922,515.89,3506.3,5098.9,283.27
2015,3,25,7.36E+05,5093.4,960.07,-17.789,-541.07,3558.4,5869,391.27
2015,4,18,7.36E+05,5128.2,994.82,34.751,528.5,3340,5644.1,376.27
2015,5,12,7.36E+05,5125,991.61,-3.2059,-48.756,3196.3,4991.6,311.98
2015,5,24,7.36E+05,5156.7,1023.3,31.658,962.94,3000.4,5223.7,348.25
2015,6,17,7.36E+05,5129.9,996.5,-26.771,-407.14,3267.6,5310.4,354.03
2015,6,29,7.36E+05,5136.7,1003.3,6.7974,206.75,3012.4,6950.8,579.23
2015,7,11,7.36E+05,5120.5,987.15,-16.147,-491.15,2920.7,5190.8,346.05
2015,7,23,7.36E+05,5165.7,1032.4,45.219,1375.4,2708.2,6982.4,634.76
2015,8,16,7.36E+05,5159.2,1025.8,-6.5979,-100.34,2712.8,6299.7,484.59
2015,8,26,7.36E+05,5204.5,1071.1,45.364,1655.8,3156.9,5863.8,418.85
2015,8,28,7.36E+05,5173.9,1040.5,-30.64,-5591.8,3241.1,6052,465.54
2015,9,9,7.36E+05,5174.7,1041.3,0.80104,24.365,3278.8,5015.3,313.46
2015,9,11,7.36E+05,5129,995.62,-45.672,-8335.1,3261.1,6356,488.92
2015,10,15,7.36E+05,5174.3,1040.9,45.264,485.92,3077.2,6230.5,479.27
2015,10,20,7.36E+05,5089.2,955.78,-85.104,-6212.6,2924.9,4955.7,275.32
2015,11,5,7.36E+05,5024.2,890.8,-64.984,-1482.4,2816.4,6598.2,471.3
2015,12,26,7.36E+05,5146.9,1013.5,122.71,878.19,3151.4,6123.6,408.24
2015,12,30,7.36E+05,5130.7,997.29,-16.221,-1480.1,3109.7,4630.1,220.48
2016,1,5,7.36E+05,5200.9,1067.6,70.276,4275.1,3043.5,5220.7,307.1
2016,1,8,7.36E+05,5171.1,1037.7,-29.82,-3628.1,3036.5,5231.6,307.74
2016,1,19,7.36E+05,5227.8,1094.4,56.668,1880.3,2999.7,6859.7,527.67
2016,1,31,7.36E+05,5197.7,1064.3,-30.094,-915.35,2986.6,6063.4,433.1
2016,2,1,7.36E+05,5237.9,1104.5,40.167,14661,3070.3,5001.9,277.88
2016,2,4,7.36E+05,5284.1,1150.8,46.283,5631.2,3042.8,5784.5,361.53
2016,2,12,7.36E+05,5230.9,1097.5,-53.285,-2431.1,3031.9,4720.4,236.02
2016,2,24,7.36E+05,5260,1126.6,29.117,885.65,3073.1,5873.1,345.48
2016,3,7,7.36E+05,5331.3,1197.9,71.283,2168.2,2934.3,4495.7,224.79
2016,3,19,7.36E+05,4953.5,820.08,-377.8,-11491,3323.6,5436.6,302.04
2016,3,31,7.36E+05,4943.4,810.04,-10.042,-305.46,3596.4,6405.7,400.36
2016,4,12,7.36E+05,4878.9,745.51,-64.527,-1962.7,3485.3,5453.2,302.96
2016,5,30,7.36E+05,4772.3,638.89,-106.62,-810.79,3130.9,7545.7,580.44
2016,6,11,7.36E+05,4759.4,626.06,-12.826,-390.13,3290.1,8349.7,695.81
2016,7,5,7.37E+05,4721.1,587.68,-38.377,-583.65,2908.6,6884.2,458.95
2016,8,10,7.37E+05,4818.7,685.34,97.655,990.12,2844.7,7878.8,562.77
2016,8,22,7.37E+05,4749.8,616.4,-68.939,-2096.9,3651.6,8154,582.43
2016,9,15,7.37E+05,4821.4,687.98,71.578,1088.6,3628.2,6324.9,395.31
2016,9,27,7.37E+05,4864.9,731.53,43.555,1324.8,2695.6,8090,622.3
2016,10,3,7.37E+05,4843.1,709.7,-21.831,-1328,2998.5,6371.5,424.77
2016,10,3,7.37E+05,4829,695.64,-14.06,#NAME?,3758.2,5716,317.56
2016,10,6,7.37E+05,4787.8,654.44,-41.205,-5013.3,3336.4,5597,329.24
2016,10,6,7.37E+05,4780.9,647.54,-6.8997,#NAME?,3635.7,6139.9,383.75
2016,10,15,7.37E+05,4772.9,639.52,-8.0206,-325.28,2909.6,6230.6,389.41
2016,10,27,7.37E+05,4839.1,705.77,66.25,2015.1,3587.7,7414.4,494.3
2016,11,8,7.37E+05,4611,477.6,-228.16,-6940,2691.5,7780,518.66
2016,11,14,7.37E+05,4594,460.59,-17.017,-1035.2,3333.3,7748,516.53
2016,11,20,7.37E+05,4544.8,411.45,-49.137,-2989.2,3152.7,6229.4,366.43
2016,11,26,7.37E+05,4563.8,430.44,18.994,1155.4,3355.5,8487,606.22
2016,12,2,7.37E+05,4519.4,386.05,-44.393,-2700.6,3197.8,5968.2,314.11
2016,12,8,7.37E+05,4492,358.66,-27.389,-1666.2,3413.2,5641.2,256.42
2016,12,14,7.37E+05,4407.6,274.21,-84.448,-5137.3,4227.7,8085.8,475.64
2016,12,20,7.37E+05,4406.3,272.91,-1.2978,-78.951,3839.3,10083,775.6
2017,1,7,7.37E+05,4428.3,294.91,21.998,446.07,4100.4,8950.8,596.72
2017,1,25,7.37E+05,4456.8,323.4,28.49,577.71,4248.9,8093.3,505.83
2017,1,31,7.37E+05,4363.5,230.09,-93.311,-5676.4,2866.4,7861.4,462.44
2017,2,4,7.37E+05,4391,257.64,27.55,2513.9,4217.2,5276.4,211.06
2017,2,12,7.37E+05,4363.6,230.23,-27.411,-1250.6,4208.1,7374.4,409.69
2017,2,18,7.37E+05,4358.7,225.29,-4.9437,-300.74,4111.3,7007.9,368.84
2017,2,24,7.37E+05,4393.3,259.94,34.654,2108.1,4210.6,6667.4,333.37
2017,3,2,7.37E+05,4335.9,202.56,-57.376,-3490.4,4109.5,5790.7,251.77
2017,3,8,7.37E+05,4399.3,265.87,63.309,3851.3,4102.3,5325.4,204.82
2017,3,20,7.37E+05,4364.4,231.06,-34.814,-1058.9,4030.8,7684.9,404.47
2017,4,7,7.37E+05,4386.9,253.57,22.509,456.43,4018.8,7575.1,378.76
2017,4,13,7.37E+05,4350.3,216.94,-36.623,-2227.9,4111.2,10421,694.72
2017,4,16,7.37E+05,4348.8,215.41,-1.5327,-186.48,4268.2,6033.6,262.33
2017,5,7,7.37E+05,4370.9,237.53,22.116,384.4,4230.9,7774.8,409.2
2017,5,19,7.37E+05,4342.4,208.97,-28.556,-868.56,4358.5,8075.1,448.62
2017,5,25,7.37E+05,4368.5,235.16,26.183,1592.8,3985.2,8300.3,488.25
2017,6,6,7.37E+05,4371.5,238.15,2.9907,90.967,4013.6,7908.6,416.24
2017,6,18,7.37E+05,4416.5,283.08,44.937,1366.8,4270.6,7786.8,409.83
2017,6,24,7.37E+05,4447.6,314.26,31.175,1896.5,3791.1,10124,674.96
2017,6,30,7.37E+05,4391.5,258.16,-56.099,-3412.7,4014.4,9342.7,549.57
2017,7,24,7.37E+05,4382.6,249.25,-8.9072,-135.46,4243.4,7776.1,409.27
2017,7,30,7.37E+05,4390.5,257.08,7.832,476.45,4062.5,7212.5,360.62
2017,8,11,7.37E+05,4426.5,293.15,36.069,1097.1,4134.7,9608.4,600.52
2017,8,17,7.37E+05,4413.9,280.52,-12.635,-768.61,4123.2,8640.8,480.04
2017,9,10,7.37E+05,4490.6,357.17,76.655,1165.8,4140.6,8939.3,525.84
2017,9,16,7.37E+05,4438.6,305.26,-51.913,-3158,4069.6,9018.6,530.5
2017,9,28,7.37E+05,4435.5,302.11,-3.146,-95.69,4212.5,7728.7,406.77
2017,10,10,7.37E+05,4463.5,330.12,28.007,851.89,4207.6,7729.1,406.79
2017,10,22,7.37E+05,4389.6,256.17,-73.95,-2249.3,4074.8,8579.6,504.68
2017,10,28,7.37E+05,4391.5,258.07,1.9009,115.64,4208.4,7936.2,440.9
2017,11,15,7.37E+05,4404.9,271.53,13.459,272.93,4127,7912.6,416.45
2017,11,21,7.37E+05,4401.1,267.76,-3.7726,-229.5,4070.2,7311.1,365.56
2017,12,3,7.37E+05,4355.3,221.92,-45.842,-1394.4,3847.4,7532.5,396.45
2018,1,8,7.37E+05,4350.8,217.41,-4.5068,-45.694,3918.4,9084.8,534.4
2018,1,20,7.37E+05,4422.3,288.9,71.486,2174.4,3977.1,8734,513.76
2018,2,1,7.37E+05,4358.3,224.9,-63.998,-1946.6,3934.4,8874.6,522.04
2018,2,7,7.37E+05,4367.2,233.87,8.9687,545.6,3901.9,7606.4,400.34
2018,2,13,7.37E+05,4377,243.61,9.7386,592.43,3781.3,7935.4,440.85
2018,2,25,7.37E+05,4392.3,258.89,15.286,464.94,4053.1,6826,325.05
2018,3,3,7.37E+05,4344,210.58,-48.311,-2938.9,3763.4,8968.2,527.54
2018,3,15,7.37E+05,4347.9,214.5,3.9176,119.16,3846.2,9564.9,597.81
2018,4,2,7.37E+05,4382.3,248.93,34.429,698.14,3698.9,8392.6,466.26
2018,4,3,7.37E+05,4384.9,251.53,2.5984,948.42,3812.2,8412.3,467.35
2018,4,8,7.37E+05,4343,209.63,-41.897,-3058.5,3809.4,9473.7,592.1
2018,4,14,7.37E+05,4373.5,240.12,30.487,1854.6,2979.5,8543.9,474.66
2018,4,20,7.37E+05,4385.7,252.31,12.197,742.01,3583.2,10543,658.91
2018,4,26,7.37E+05,4397.3,263.91,11.595,705.33,2498.3,10522,657.59
2018,5,2,7.37E+05,4434.9,301.55,37.646,2290.1,4036.8,9842.5,578.97
2018,6,7,7.37E+05,4502.1,368.69,67.133,680.66,2436.2,13135,1194.1
2018,6,25,7.37E+05,4559.8,426.41,57.721,1170.4,3696.8,12192,870.84
2018,7,13,7.37E+05,4686,552.65,126.24,2559.9,3781.3,10493,699.51
2018,7,31,7.37E+05,4636.4,503.06,-49.592,-1005.6,3725.8,9642.8,602.67
2018,8,12,7.37E+05,4652.4,519.06,15.997,486.59,3045.9,9899.2,659.95
2018,8,24,7.37E+05,4665.6,532.26,13.202,401.57,2910.3,11068,790.59
2018,8,30,7.37E+05,4672,538.62,6.3578,386.76,3682.4,12316,947.42
2018,9,5,7.37E+05,4790.9,657.5,118.89,7232.5,3185.3,12263,943.29
2018,9,17,7.37E+05,4824.9,691.53,34.025,1034.9,3047.8,13139,1094.9
2018,9,19,7.37E+05,4732.6,599.25,-92.278,-16841,3123.3,9565.8,597.86
2018,9,29,7.37E+05,4814.9,681.53,82.282,3003.3,3415.9,11376,875.06
2018,10,5,7.37E+05,4787.7,654.32,-27.218,-1655.8,2971.8,11447,880.57
2018,10,6,7.37E+05,4701.2,567.85,-86.462,-31559,3092.7,8003.9,444.66
2018,10,17,7.37E+05,4709.3,575.9,8.0503,267.12,3370.2,9901.4,618.84
2018,10,21,7.37E+05,4699.2,565.78,-10.125,-923.93,2558,8978.7,528.16
2018,10,29,7.37E+05,4708.9,575.56,9.7838,446.39,3444.5,9047.1,532.18
2018,11,4,7.37E+05,4728.8,595.38,19.819,1205.7,2658.6,10602,706.8
2018,11,16,7.37E+05,4746.4,613.03,17.645,536.71,2429.9,9595.5,599.72
2018,12,4,7.37E+05,4681,547.63,-65.397,-1326.1,2873.5,9062.1,533.07
2018,12,5,7.37E+05,4690.2,556.8,9.1709,3347.4,3150.5,6936.9,365.1
2018,12,16,7.37E+05,4575.1,441.77,-115.03,-3817,2800.2,9531.7,680.84
2018,12,19,7.37E+05,4476.3,342.89,-98.873,-12030,2836.2,11057,850.52
2019,1,3,7.37E+05,4455.4,322.02,-20.878,-508.03,3402.9,11003,846.37
2019,1,15,7.37E+05,4454,320.59,-1.4231,-43.287,3205.8,11612,967.66
2019,1,21,7.37E+05,4482.1,348.7,28.102,1709.6,3214.8,10981,844.68
2019,1,27,7.37E+05,4456.6,323.23,-25.47,-1549.4,3270.1,10953,842.57
2019,2,2,7.37E+05,4472.9,339.52,16.298,991.46,2694.8,12587,1144.3
2019,2,8,7.37E+05,4462.4,329.05,-10.474,-637.18,3254.9,11960,996.67
2019,2,14,7.37E+05,4437.3,303.93,-25.116,-1527.9,2929.8,14509,1612.1
2019,2,26,7.37E+05,4453.5,320.13,16.195,492.6,3487.7,13236,1203.3
2019,3,4,7.37E+05,4507.9,374.5,54.369,3307.4,2467.7,12179,1014.9
2019,3,16,7.38E+05,4510.9,377.52,3.0232,91.955,2499.2,14565,1324.1
2019,3,22,7.38E+05,4518.2,384.84,7.3155,445.03,2528.7,14483,1316.7
2019,3,30,7.38E+05,4433.5,300.1,-84.735,-3866,3929.3,7129.7,375.25
2019,4,9,7.38E+05,4453,319.62,19.515,712.29,2794.6,10076,839.67
2019,5,3,7.38E+05,4456.4,323,3.3826,51.443,3323.9,9547.4,596.71
2019,5,15,7.38E+05,4457.5,324.15,1.1499,34.977,2492.9,12376,951.99
2019,5,27,7.38E+05,4432.1,298.68,-25.468,-774.64,3399.5,12108,864.86
2019,6,8,7.38E+05,4427.3,293.89,-4.7951,-145.85,3204.9,13282,1021.7
2019,6,20,7.38E+05,4430.1,296.75,2.8647,87.134,2783.9,13259,1019.9
2019,7,2,7.38E+05,4461.4,328.07,31.318,952.6,3216.6,13230,1017.7
2019,7,14,7.38E+05,4443.5,310.15,-17.917,-544.98,3265.7,13267,1020.5
2019,7,26,7.38E+05,4445.4,312.02,1.865,56.728,2578.2,15404,1400.4
2019,8,7,7.38E+05,4437.3,303.87,-8.1423,-247.66,2874,13273,1021
2019,8,19,7.38E+05,4510.3,376.91,73.032,2221.4,2804.4,13251,1019.3
2019,8,21,7.38E+05,4467.6,334.21,-42.695,-7791.8,2868.1,10753,716.89
2019,8,26,7.38E+05,4398,264.65,-69.557,-5077.6,3745.8,10522,701.47
2019,8,31,7.38E+05,4429.7,296.28,31.623,2308.5,3853.7,10853,775.22
2019,9,12,7.38E+05,4485.8,352.46,56.18,1708.8,3638.1,10725,766.06
2019,9,24,7.38E+05,4503.2,369.82,17.363,528.12,3739,10455,696.97
2019,10,6,7.38E+05,4512.2,378.83,9.0108,274.08,3712.8,10439,695.96
2019,10,15,7.38E+05,4374.8,241.43,-137.4,-5572.4,3824.3,8349.5,491.15
2019,10,24,7.38E+05,4376.4,243.04,1.6166,65.562,3860.3,10275,733.94
2019,11,5,7.38E+05,4329.8,196.42,-46.627,-1418.2,3844.8,10247,731.91
2019,11,23,7.38E+05,4415.8,282.39,85.975,1743.4,3696.1,11071,922.59
2019,12,11,7.38E+05,4421.8,288.44,6.0447,122.57,3665.4,9298.2,619.88
2019,12,29,7.38E+05,4426.7,293.28,4.8381,98.105,3882.8,10826,832.74
2020,1,16,7.38E+05,4383.9,250.51,-42.763,-867.15,3764.9,10868,835.97
2020,2,3,7.38E+05,4394,260.66,10.146,205.74,3849.5,9638.7,688.48
2020,2,15,7.38E+05,4470.3,336.94,76.281,2320.2,3830.9,8139.2,478.78
2020,2,21,7.38E+05,4385.3,251.94,-85.001,-5170.9,4428.1,8641.9,508.35
2020,3,9,7.38E+05,4394.2,260.86,8.9263,191.65,4471.6,6142.8,267.08
2020,3,28,7.38E+05,4381.3,247.89,-12.977,-249.3,4606.2,7449.8,372.49
2020,4,3,7.38E+05,4416.8,283.39,35.507,2160,4610.5,7375.2,368.76
2020,4,9,7.38E+05,4282.4,149,-134.39,-8175.4,4644.9,7638.6,381.93
2020,4,21,7.38E+05,4246.5,113.12,-35.881,-1091.4,4911.5,6219.5,259.15
2020,4,24,7.38E+05,4255.1,121.74,8.6199,1048.8,4867.9,6082.7,243.31
2020,5,3,7.38E+05,4251.8,118.42,-3.3258,-134.88,4663.4,8352.7,417.64
2020,5,15,7.38E+05,4234.7,101.3,-17.115,-520.57,5060.8,10594,588.58
2020,6,2,7.38E+05,4285.6,152.23,50.928,1032.7,4942.1,10455,580.85
2020,6,20,7.38E+05,4324.5,191.1,38.874,788.28,4776.6,12799,799.95
2020,7,2,7.38E+05,4260.2,126.83,-64.275,-1955,4811.5,10545,620.29
2020,7,20,7.38E+05,4312,178.6,51.773,1049.8,3195.4,8676.5,456.66
2020,8,7,7.38E+05,4297.7,164.29,-14.307,-290.11,4931.8,11124,654.37
2020,8,25,7.38E+05,4303.7,170.35,6.0574,122.83,4946.8,7422.8,337.4
2020,8,30,7.38E+05,4308,174.58,4.2256,308.47,5009.3,5769.6,213.69
2020,9,5,7.38E+05,4319.9,186.51,11.937,726.14,5014.2,7379.7,307.49
2020,9,8,7.38E+05,4258.3,124.97,-61.545,-7487.9,4726,9378.6,446.6
2020,9,24,7.38E+05,4303.1,169.71,44.738,1020.6,4573.4,9582.7,479.14
2020,10,26,7.38E+05,4228.7,95.317,-74.391,-848.52,4841.5,9742.5,487.13
2020,11,4,7.38E+05,4306.6,173.25,77.938,3160.8,4598.8,7105.3,308.92
2020,11,17,7.38E+05,4315.6,182.18,8.9287,250.69,3862.2,9697.9,570.47
2020,12,5,7.38E+05,4293.7,160.3,-21.887,-443.83,4324.2,10637,664.81
2020,12,8,7.38E+05,4317.4,184.02,23.719,2885.8,4101.2,6836.6,284.86
2020,12,23,7.38E+05,4309.2,175.83,-8.186,-199.19,4004.9,9009.4,500.52
2021,1,10,7.38E+05,4359.2,225.78,49.953,1012.9,4356.4,8770.6,461.61
2021,1,17,7.38E+05,4343.9,210.56,-15.227,-793.97,4440,7766,353
2021,1,23,7.38E+05,4337.1,203.76,-6.8001,-413.68,4374.8,8167.5,388.93
2021,1,27,7.38E+05,4348.9,215.47,11.719,1069.4,4434.3,8247,392.72
2021,2,3,7.38E+05,4323.5,190.11,-25.363,-1322.5,4188.4,8723.5,436.18
2021,2,15,7.38E+05,4285.7,152.36,-37.756,-1148.4,4841.1,8363.2,398.25
2021,3,3,7.38E+05,4289.6,156.19,3.8331,87.443,4132.8,9871.5,548.42
2021,3,11,7.38E+05,4243.2,109.83,-46.355,-2115,4830.2,9905.3,550.3
2021,3,14,7.38E+05,4198.5,65.17,-44.664,-5434.1,4879,8117.5,352.93
2021,3,23,7.38E+05,4197.1,63.738,-1.4319,-58.07,4846.1,10436,579.75
2021,4,4,7.38E+05,4195.6,62.196,-1.5415,-46.888,3338.2,10602,588.98
2021,4,13,7.38E+05,4195,61.609,-0.58744,-23.824,5089.4,9623.7,458.27
2021,4,17,7.38E+05,4215.9,82.568,20.959,1912.5,5084.9,9873.5,493.67
2021,5,22,7.38E+05,4253.3,119.89,37.326,389.25,5148.2,7535.2,313.96
2021,6,9,7.38E+05,4237.7,104.37,-15.524,-314.79,4571.3,8805.4,463.44
2021,6,21,7.38E+05,4225.6,92.2,-12.17,-370.17,4537.2,8498.6,424.93
2021,7,9,7.38E+05,4277.5,144.14,51.943,1053.3,4583.7,9832.6,546.25
2021,7,27,7.38E+05,4221.5,88.117,-56.025,-1136.1,4421,9660.2,536.68
2021,8,14,7.38E+05,4251.4,117.99,29.87,605.71,4436.7,8917.5,469.34
2021,8,26,7.38E+05,4307.6,174.21,56.219,1710,4197,10021,589.45
2021,9,4,7.38E+05,4259.4,125.99,-48.219,-1955.5,4173.7,7618.5,346.3
2021,9,13,7.38E+05,4239.5,106.12,-19.871,-805.87,3522,9827.7,578.1
2021,9,24,7.38E+05,4254.4,120.99,14.869,493.37,3898.3,9546.5,561.56
2021,10,7,7.38E+05,4291.4,158.01,37.024,1039.5,3446.2,10872,724.83
2021,10,25,7.38E+05,4271.6,138.25,-19.764,-400.77,3180.7,12501,961.6
2021,10,30,7.38E+05,4257.9,124.48,-13.764,-1004.8,4121,9450.5,525.03
2021,11,9,7.38E+05,4255.2,121.78,-2.706,-98.768,4025.5,11092,693.25
2021,11,24,7.38E+05,4348.7,215.35,93.573,2276.9,3535.2,10063,591.96
2021,12,3,7.38E+05,4274.9,141.49,-73.857,-2995.3,3616.4,9447.8,524.88
2021,12,12,7.39E+05,4298.5,165.09,23.594,956.86,3328.9,11847,789.82
2021,12,18,7.39E+05,4310.3,176.96,11.871,722.17,4412,11111,694.43
2021,12,23,7.39E+05,4244,110.66,-66.297,-4839.7,4094.3,12609,900.65
2022,1,17,7.39E+05,4300,166.62,55.957,816.97,3797.5,13229,1017.6
2022,2,4,7.39E+05,4289.8,156.37,-10.243,-207.7,3324.9,12496,892.6
2022,2,28,7.39E+05,4296,162.6,6.2223,94.63,3406.8,12541,895.77
2022,3,19,7.39E+05,4226.3,92.944,-69.652,-1338.1,3581,11315,754.3
2022,4,5,7.39E+05,4126,-7.4139,-100.36,-2154.7,3423,11388,759.18
2022,4,8,7.39E+05,4101.7,-31.697,-24.283,-2954.4,3590.3,10570,621.77
2022,4,29,7.39E+05,4139.1,5.6707,37.367,649.48,3861.3,12557,896.94
2022,5,23,7.39E+05,4141.8,8.385,2.7143,41.28,3683,13393,1030.2
2022,6,16,7.39E+05,4142.2,8.8012,0.41617,6.3292,3579.3,10412,612.45
2022,7,22,7.39E+05,4190,56.67,47.869,485.34,3826.1,12050,860.74
2022,8,15,7.39E+05,4168.6,35.228,-21.442,-326.1,3118.1,10904,681.48
2022,8,20,7.39E+05,4167.8,34.376,-0.85167,-62.172,3832.9,8480.3,471.13
2022,9,8,7.39E+05,4186.5,53.122,18.746,360.12,3455.7,10756,1195.1
2022,10,2,7.39E+05,4254.6,121.26,68.135,1036.2,2800.5,10122,778.63
2022,11,17,7.39E+05,4168.1,34.71,-86.547,-686.73,2833.8,9565.3,683.24
2022,11,25,7.39E+05,4150.1,16.737,-17.973,-820.02,2244.9,10634,886.16
2022,12,24,7.39E+05,4140.6,7.1715,-9.5658,-120.4,3163.3,8594.4,537.15
2022,12,28,7.39E+05,4127.4,-6.0158,-13.187,-1203.3,3171,8575.6,535.98
2023,1,18,7.39E+05,4188.9,55.55,61.566,1070.1,3125.4,9372.3,720.94
2023,2,11,7.39E+05,4120.8,-12.605,-68.155,-1036.5,3234.9,10335,939.53
2023,2,16,7.39E+05,4152.8,19.401,32.006,2336.4,3414.6,8167,480.41
2023,2,26,7.39E+05,4134.7,1.3193,-18.081,-659.97,3179,8010.5,471.21
2023,3,7,7.39E+05,4136.9,3.5441,2.2248,90.227,3089,8658.3,618.45
2023,5,6,7.39E+05,4103.9,-29.505,-33.05,-502.63,3256.5,8964.5,689.58
2023,5,18,7.39E+05,4103.2,-30.183,-0.67765,-6.8706,2959.2,8812.4,677.87
2023,5,30,7.39E+05,4026.7,-106.66,-76.481,-2326.3,3046.4,9465.9,860.53
2023,8,10,7.39E+05,4113.7,-19.659,87.005,2646.4,2921,9311.9,846.53
2023,9,14,7.39E+05,4074,-59.387,-39.728,-201.4,3181.5,7591.2,399.54
2023,9,25,7.39E+05,4121.1,-12.249,47.138,491.58,3018.1,8111.9,477.17
2023,9,27,7.39E+05,4082.7,-50.699,-38.45,-1275.8,2937.2,7689.6,384.48
2023,10,30,7.39E+05,4099.6,-33.747,16.951,3093.6,3066.9,8278.7,435.72
2024,3,25,7.39E+05,4133.4,0,33.747,373.27,2897.8,9152.4,653.74
